Steps,Policy/Entropy,Environment/Episode Length,Policy/Extrinsic Value Estimate,Environment/Cumulative Reward,Policy/Extrinsic Reward,Is Training
500,1.4189384,35.857142857142854,-0.0012115372,-1.0,-1.0,1.0
1000,1.4189384,69.57142857142857,0.0066136154,0.05714287076677595,0.05714287076677595,1.0
1500,1.4189385,106.0,0.009114504,2.5800001859664916,2.5800001859664916,1.0
2000,None,33.0,0.008189484,-1.0,-1.0,1.0
2500,1.4189385,88.66666666666667,-0.024243502,-0.9000000059604645,-0.9000000059604645,1.0
3000,1.4189383,61.75,0.0024439918,0.2625000476837158,0.2625000476837158,1.0
3500,1.4189383,77.2,-0.021562247,-0.1999999980131785,-0.1999999980131785,1.0
4000,1.4189385,124.66666666666667,0.007147888,4.775000596418977,4.775000596418977,1.0
4500,1.4189383,39.111111111111114,-0.004444015,-0.9444444444444444,-0.9444444444444444,1.0
5000,1.4189384,78.5,-0.0039484287,0.30000007152557373,0.30000007152557373,1.0
5500,1.4198146,72.0,-0.10211472,-0.8333333333333334,-0.8333333333333334,1.0
6000,1.4208716,130.375,-0.05203646,1.442857333592006,1.442857333592006,1.0
6500,1.4208715,50.714285714285715,-0.00938734,-0.8571428486279079,-0.8571428486279079,1.0
7000,1.4208716,120.25,-0.07638216,0.4249999523162842,0.4249999523162842,1.0
7500,1.4208716,54.6,-0.051856212,0.5833333333333334,0.5833333333333334,1.0
8000,1.4208716,52.5,-0.11443807,-1.0,-1.0,1.0
8500,1.4208716,144.4,-0.15604532,-0.2399999976158142,-0.2399999976158142,1.0
9000,1.4208716,106.5,-0.039759643,0.26666675011316937,0.26666675011316937,1.0
9500,1.4208715,128.0,-0.057920963,-0.8,-0.8,1.0
10000,1.4208716,76.33333333333333,-0.023765886,-0.8,-0.8,1.0
10500,1.4192191,126.0,-0.06347532,-0.09999998410542806,-0.09999998410542806,1.0
11000,1.4180505,62.142857142857146,-0.20856923,-1.0,-1.0,1.0
11500,1.4180505,136.8,-0.092030495,1.380000114440918,1.380000114440918,1.0
12000,1.4180504,97.0,-0.10791425,-0.5,-0.5,1.0
12500,1.4180505,98.6,-0.21793045,-0.40000001589457196,-0.40000001589457196,1.0
13000,1.4180504,112.33333333333333,-0.103480875,-1.0,-1.0,1.0
13500,1.4180504,54.6,-0.10808306,-0.9200000047683716,-0.9200000047683716,1.0
14000,1.4180503,68.0,-0.357173,-0.7727272727272727,-0.7727272727272727,1.0
14500,1.4180504,43.0,-0.1694647,-0.799999992052714,-0.799999992052714,1.0
15000,1.4180504,147.0,-0.049384158,2.1500000953674316,2.1500000953674316,1.0
15500,1.4201525,111.71428571428571,-0.10426986,1.7333333790302277,1.7333333790302277,1.0
16000,1.4211714,88.0,-0.17067538,-1.0,-1.0,1.0
16500,1.4211712,123.33333333333333,-0.09034226,-0.2199999898672104,-0.2199999898672104,1.0
17000,1.4211713,85.75,-0.32592112,-1.0,-1.0,1.0
17500,1.4211714,93.33333333333333,0.034543294,-1.0,-1.0,1.0
18000,1.4211713,88.25,-0.19678117,-0.5666666717992889,-0.5666666717992889,1.0
18500,1.4211713,86.0,-0.14213607,-0.44999998807907104,-0.44999998807907104,1.0
19000,1.4211712,80.66666666666667,-0.06801163,1.7200000762939454,1.7200000762939454,1.0
19500,1.4211713,86.4,-0.11035371,0.4333333571751912,0.4333333571751912,1.0
20000,1.4211713,119.71428571428571,-0.14665356,-0.25,-0.25,1.0
20500,1.4235978,86.14285714285714,-0.16244876,-0.32499998807907104,-0.32499998807907104,1.0
21000,1.4252083,123.33333333333333,-0.026427085,-1.0,-1.0,1.0
21500,1.4252081,68.6,-0.15320751,0.15000009536743164,0.15000009536743164,1.0
22000,1.4252083,93.5,-0.15587,1.2333335876464844,1.2333335876464844,1.0
22500,1.4252083,81.33333333333333,-0.16828676,-0.9499999980131785,-0.9499999980131785,1.0
23000,1.4252082,124.0,-0.098938435,1.8600000381469726,1.8600000381469726,1.0
23500,1.4252083,112.0,-0.15278497,-0.6,-0.6,1.0
24000,1.4252084,140.0,0.17639633,0.20000004768371582,0.20000004768371582,1.0
24500,1.4252083,119.4,-0.25579447,2.4600001335144044,2.4600001335144044,1.0
25000,1.4252084,113.8,-0.19952174,-0.8,-0.8,1.0
25500,1.4217364,94.0,-0.058526177,2.366666873296102,2.366666873296102,1.0
26000,1.4151943,178.0,-0.21296048,1.5499999523162842,1.5499999523162842,1.0
26500,1.4151943,139.33333333333334,0.2312274,0.4333333571751912,0.4333333571751912,1.0
27000,1.4151944,121.5,-0.31936073,5.960464477539063e-08,5.960464477539063e-08,1.0
27500,1.4151942,98.0,-0.08101973,-0.75,-0.75,1.0
28000,1.4151943,126.875,0.08411349,6.850000739097595,6.850000739097595,1.0
28500,1.4151943,113.0,-0.19183405,-1.0,-1.0,1.0
29000,1.4151942,115.33333333333333,0.047300916,7.133334477742513,7.133334477742513,1.0
29500,1.4151942,76.57142857142857,-0.12434751,-0.8571428571428571,-0.8571428571428571,1.0
30000,1.4151942,123.66666666666667,0.018692564,-0.6666666666666666,-0.6666666666666666,1.0
30500,1.4159869,149.5,0.031030914,-0.2666666656732559,-0.2666666656732559,1.0
31000,1.4178302,91.0,-0.08091494,4.7000004053115845,4.7000004053115845,1.0
31500,1.4178302,113.75,-0.11695346,-0.5333333313465118,-0.5333333313465118,1.0
32000,1.4178305,132.0,-0.3200654,1.9714288541248866,1.9714288541248866,1.0
32500,1.4178303,121.0,-0.10020381,-0.399999987334013,-0.399999987334013,1.0
33000,1.4178303,100.5,-0.27517965,1.7000002264976501,1.7000002264976501,1.0
33500,1.4178301,51.5,0.011034501,-0.899999996026357,-0.899999996026357,1.0
34000,1.4178303,157.75,-0.1347212,1.8333334922790527,1.8333334922790527,1.0
34500,1.4178305,138.25,-0.043179993,1.0600001335144043,1.0600001335144043,1.0
35000,1.4178301,51.5,-0.07932483,-1.0,-1.0,1.0
35500,1.4169655,142.0,-0.005721897,-0.09999998410542806,-0.09999998410542806,1.0
36000,1.4139413,104.0,-0.11113873,0.4400001525878906,0.4400001525878906,1.0
36500,1.4139411,134.4,-0.23070905,0.9833335876464844,0.9833335876464844,1.0
37000,1.4139413,107.625,-0.08612557,-0.2857142857142857,-0.2857142857142857,1.0
37500,1.4139413,124.0,0.06660735,1.0666667620340984,1.0666667620340984,1.0
38000,1.4139414,158.0,0.063822046,0.6500000059604645,0.6500000059604645,1.0
38500,1.4139413,None,0.09232241,11.600000381469727,11.600000381469727,1.0
39000,1.4139413,199.0,0.23346476,4.550000190734863,4.550000190734863,1.0
39500,1.4139414,115.0,0.22571042,2.5000000953674317,2.5000000953674317,1.0
40000,1.4139413,199.0,0.22885737,0.30000001192092896,0.30000001192092896,1.0
40500,1.4143883,184.0,-0.08467494,0.0,0.0,1.0
41000,1.416379,199.5,-0.123788655,-0.3333333333333333,-0.3333333333333333,1.0
41500,1.416379,123.25,0.22641595,3.8000005781650543,3.8000005781650543,1.0
42000,1.4163789,180.0,-0.19190623,-0.08571428912026542,-0.08571428912026542,1.0
42500,1.4163789,112.0,0.11459496,4.000000476837158,4.000000476837158,1.0
43000,1.4163787,94.0,0.20331533,4.120000238716602,4.120000238716602,1.0
43500,1.4163787,40.0,0.057300366,-1.0,-1.0,1.0
44000,1.416379,92.11111111111111,-0.11387167,-0.3333333333333333,-0.3333333333333333,1.0
44500,1.4163789,134.66666666666666,-0.08114867,3.200000286102295,3.200000286102295,1.0
45000,1.4163787,195.5,0.17214099,2.9000000953674316,2.9000000953674316,1.0
45500,1.4158635,141.75,0.17855993,0.800000011920929,0.800000011920929,1.0
46000,1.4132527,120.5,-0.20616813,-0.5,-0.5,1.0
46500,1.4132525,140.4,0.06327992,-0.3333333333333333,-0.3333333333333333,1.0
47000,1.4132527,199.5,0.20459673,0.6500000357627869,0.6500000357627869,1.0
47500,1.4132528,199.0,0.32755682,0.0,0.0,1.0
48000,1.4132526,128.5,0.1834079,-0.5,-0.5,1.0
48500,1.4132527,199.0,0.4942501,0.0,0.0,1.0
49000,1.4132525,199.0,0.3270089,16.20000123977661,16.20000123977661,1.0
49500,1.4132525,199.0,0.40815932,4.93333371480306,4.93333371480306,1.0
50000,1.4132527,185.0,0.23090386,1.4250001311302185,1.4250001311302185,1.0
50500,1.4135647,122.5,0.3145261,2.980000114440918,2.980000114440918,1.0
51000,1.4136487,157.75,0.34541678,4.580000281333923,4.580000281333923,1.0
51500,1.4136487,171.6,0.22655018,1.1249999701976776,1.1249999701976776,1.0
52000,1.4136487,126.0,0.355743,2.2000001271565757,2.2000001271565757,1.0
52500,1.4136487,140.0,0.4335975,-0.5,-0.5,1.0
53000,1.4136487,135.33333333333334,0.010411975,1.75,1.75,1.0
53500,1.4136487,156.66666666666666,0.23880392,-0.25,-0.25,1.0
54000,1.4136487,199.0,0.33866736,13.20000171661377,13.20000171661377,1.0
54500,1.4136486,199.0,0.31699154,5.200000047683716,5.200000047683716,1.0
55000,1.4136486,157.0,0.11799928,1.925000287592411,1.925000287592411,1.0
55500,1.4132018,124.71428571428571,0.16162126,2.2571431568690707,2.2571431568690707,1.0
56000,1.4078276,199.5,0.45045844,0.0,0.0,1.0
56500,1.4078276,157.25,0.48871145,1.0399999856948852,1.0399999856948852,1.0
57000,1.4078277,70.0,0.1838348,-0.6666666666666666,-0.6666666666666666,1.0
57500,1.4078276,199.0,0.19114964,0.6999999682108561,0.6999999682108561,1.0
58000,1.4078276,199.33333333333334,0.744314,5.300000190734863,5.300000190734863,1.0
58500,1.4078277,101.5,0.27714333,-0.5,-0.5,1.0
59000,1.4078276,135.0,0.18970367,-0.5,-0.5,1.0
59500,1.4078279,199.0,0.6333639,0.0,0.0,1.0
60000,1.4078276,138.0,0.50970834,3.8600003242492678,3.8600003242492678,1.0
60500,1.4078279,163.6,0.24966629,1.1500000754992168,1.1500000754992168,1.0
61000,1.4074878,166.5,0.25071225,3.1400002002716065,3.1400002002716065,1.0
61500,1.4073495,45.4,0.06919196,-0.6666666666666666,-0.6666666666666666,1.0
62000,1.4073496,199.0,0.6926521,0.0,0.0,1.0
62500,1.4073497,124.75,0.05923581,-0.3333333333333333,-0.3333333333333333,1.0
63000,1.4073495,199.0,1.2089722,5.450000047683716,5.450000047683716,1.0
63500,1.4073496,199.0,1.0837667,8.000000953674316,8.000000953674316,1.0
64000,1.4073495,200.0,0.49937496,0.0,0.0,1.0
64500,1.4073495,199.0,1.2341086,0.0,0.0,1.0
65000,1.4073496,199.0,1.8568846,13.975000500679016,13.975000500679016,1.0
65500,1.4073495,199.33333333333334,1.0638348,6.433334032694499,6.433334032694499,1.0
66000,1.4081203,136.4,0.6113203,4.850000381469727,4.850000381469727,1.0
66500,1.4095402,199.5,1.5238428,16.800001621246338,16.800001621246338,1.0
67000,1.4095403,199.0,1.2100271,12.600000977516174,12.600000977516174,1.0
67500,1.4095402,199.0,1.1602432,7.033334096272786,7.033334096272786,1.0
68000,1.4095402,199.0,0.80264235,4.366666952768962,4.366666952768962,1.0
68500,1.4095403,None,0.98166066,None,None,1.0
69000,1.4095402,199.0,1.5334339,19.850000858306885,19.850000858306885,1.0
69500,1.4095403,199.0,1.0978266,7.950000286102295,7.950000286102295,1.0
70000,1.4095402,167.83333333333334,1.0089101,7.080000591278076,7.080000591278076,1.0
70500,1.4095402,199.0,0.85624266,9.000000715255737,9.000000715255737,1.0
71000,1.4097204,159.5,0.3556798,0.10000000397364299,0.10000000397364299,1.0
71500,1.4098672,151.5,1.0567998,-0.5,-0.5,1.0
72000,1.409867,148.66666666666666,0.110362366,-0.5,-0.5,1.0
72500,1.409867,146.0,0.6903665,0.6833334267139435,0.6833334267139435,1.0
73000,1.4098672,89.0,1.332904,8.975001096725464,8.975001096725464,1.0
73500,1.409867,None,0.7056114,None,None,1.0
74000,1.4098672,105.5,0.8052225,3.4250004291534424,3.4250004291534424,1.0
74500,1.4098672,129.0,0.725846,3.2333335081736245,3.2333335081736245,1.0
75000,1.4098669,199.0,1.810473,10.600001096725464,10.600001096725464,1.0
75500,1.409867,199.5,0.5632212,6.233333905537923,6.233333905537923,1.0
76000,1.4098592,199.0,1.409803,5.500000298023224,5.500000298023224,1.0
76500,1.4087365,199.0,2.5049615,19.650002002716064,19.650002002716064,1.0
77000,1.4087293,199.0,1.5395012,10.033334096272787,10.033334096272787,1.0
77500,1.4087294,199.0,1.0710108,19.00000238418579,19.00000238418579,1.0
78000,1.4087293,200.0,1.2334465,18.800002098083496,18.800002098083496,1.0
78500,1.4087294,199.0,0.5235003,1.4000000953674316,1.4000000953674316,1.0
79000,1.4087293,199.0,0.98785627,5.0000003178914385,5.0000003178914385,1.0
79500,1.4087293,163.33333333333334,0.98984754,4.350000619888306,4.350000619888306,1.0
80000,1.4087294,199.0,1.3634566,7.475000619888306,7.475000619888306,1.0
80500,1.4087294,199.0,0.6812164,0.0,0.0,1.0
81000,1.4086659,118.8,0.21708634,-0.6,-0.6,1.0
81500,1.4084702,199.0,2.0344548,21.00000286102295,21.00000286102295,1.0
82000,1.4084702,95.0,0.7747328,-0.5,-0.5,1.0
82500,1.4084702,199.0,2.0369396,19.000001907348633,19.000001907348633,1.0
83000,1.4084702,106.5,0.8536963,-0.5,-0.5,1.0
83500,1.4084702,199.33333333333334,0.93744266,7.666667938232422,7.666667938232422,1.0
84000,1.4084702,142.0,1.060138,4.7666670481363935,4.7666670481363935,1.0
84500,1.4084702,199.25,1.5773996,11.85000079870224,11.85000079870224,1.0
85000,1.4084702,199.33333333333334,0.72135955,4.800000508626302,4.800000508626302,1.0
85500,1.4084702,162.0,0.8059081,2.580000114440918,2.580000114440918,1.0
86000,1.4087558,199.0,1.0634522,2.866666793823242,2.866666793823242,1.0
86500,1.4121838,199.0,1.0663872,0.30000001192092896,0.30000001192092896,1.0
87000,1.4121838,199.0,1.3712926,0.5,0.5,1.0
87500,1.4121838,199.0,1.0681664,9.000000476837158,9.000000476837158,1.0
88000,1.4121838,199.0,0.97478104,0.0,0.0,1.0
88500,1.4121836,160.6,1.4079734,4.375000476837158,4.375000476837158,1.0
89000,1.4121838,199.0,2.2363403,12.275001525878906,12.275001525878906,1.0
89500,1.4121838,199.0,0.98108786,7.266667366027832,7.266667366027832,1.0
90000,1.4121838,199.0,0.73517495,0.0,0.0,1.0
90500,1.4121838,199.0,1.89034,7.800001049041748,7.800001049041748,1.0
91000,1.4119046,150.0,0.34347937,1.0,1.0,1.0
91500,1.4085704,None,2.7018723,9.100000858306885,9.100000858306885,1.0
92000,1.4085466,199.0,0.9437066,0.0,0.0,1.0
92500,1.4085466,199.0,1.3613049,19.900002479553223,19.900002479553223,1.0
93000,1.4085466,199.0,0.95233953,0.0,0.0,1.0
93500,1.4085466,199.0,3.4365144,15.025000602006912,15.025000602006912,1.0
94000,1.4085466,199.0,1.9914306,5.350000619888306,5.350000619888306,1.0
94500,1.4085466,199.33333333333334,1.345787,4.52500057220459,4.52500057220459,1.0
95000,1.4085466,151.5,1.1804782,8.733334223429361,8.733334223429361,1.0
95500,1.4085466,160.6,2.0144901,9.114286354609899,9.114286354609899,1.0
96000,1.4080759,145.0,1.5990884,6.65000057220459,6.65000057220459,1.0
96500,1.4063593,200.0,0.050426807,-1.0,-1.0,1.0
97000,1.4063902,199.0,0.935503,2.850000023841858,2.850000023841858,1.0
97500,1.4063902,185.0,0.8265275,-1.0,-1.0,1.0
98000,1.4063902,199.0,2.1232667,8.850000470876694,8.850000470876694,1.0
98500,1.4063902,199.2,0.9412234,0.0,0.0,1.0
99000,1.4063902,199.0,1.1741074,5.375000335276127,5.375000335276127,1.0
99500,1.4063902,134.33333333333334,0.7754993,0.6666666666666666,0.6666666666666666,1.0
100000,1.4063903,199.5,2.4761963,8.25000074505806,8.25000074505806,1.0
100500,1.4063902,171.66666666666666,0.98365355,0.0,0.0,1.0
101000,1.4063903,199.0,1.7648876,8.825000762939453,8.825000762939453,1.0
101500,1.4011147,199.0,1.5662827,0.0,0.0,1.0
102000,1.3983098,199.0,2.467667,8.700000286102295,8.700000286102295,1.0
102500,1.3983102,199.0,2.2570672,0.0,0.0,1.0
103000,1.3983102,199.5,1.5128953,1.9000000556310017,1.9000000556310017,1.0
103500,1.3983102,199.0,2.514923,21.43333562215169,21.43333562215169,1.0
104000,1.3983101,162.5,0.5910851,0.0,0.0,1.0
104500,1.3983101,199.0,1.918807,9.540000763535499,9.540000763535499,1.0
105000,1.3983102,199.0,1.7656196,7.075000762939453,7.075000762939453,1.0
105500,1.3983101,113.0,0.5761917,-0.5,-0.5,1.0
106000,1.3983102,118.75,0.90152425,1.0999999642372131,1.0999999642372131,1.0
106500,1.3971889,199.0,3.1527002,27.300003051757812,27.300003051757812,1.0
107000,1.3964386,199.0,2.362708,2.350000023841858,2.350000023841858,1.0
107500,1.3964386,199.0,0.46402702,0.05000000074505806,0.05000000074505806,1.0
108000,1.3964386,165.0,2.8788433,11.325000643730164,11.325000643730164,1.0
108500,1.3964386,199.0,0.90852416,4.000000476837158,4.000000476837158,1.0
109000,1.3964386,199.0,2.3518498,11.733334223429361,11.733334223429361,1.0
109500,1.3964386,199.0,0.7221545,0.0,0.0,1.0
110000,1.3964386,199.33333333333334,2.093748,12.30000098546346,12.30000098546346,1.0
110500,1.3964386,199.0,1.582157,7.300000476837158,7.300000476837158,1.0
111000,1.3964386,199.0,0.7347188,2.1999998092651367,2.1999998092651367,1.0
111500,1.3951848,147.0,1.1640294,-0.5,-0.5,1.0
112000,1.3892299,199.0,1.9625534,0.45000001788139343,0.45000001788139343,1.0
112500,1.3892297,199.0,1.2630817,8.800000071525574,8.800000071525574,1.0
113000,1.3892298,150.5,0.688105,1.1800000190734863,1.1800000190734863,1.0
113500,1.3892298,145.75,1.0809928,4.550000190734863,4.550000190734863,1.0
114000,1.3892297,140.33333333333334,2.4085732,7.233333786328633,7.233333786328633,1.0
114500,1.3892298,154.75,1.2128304,1.0500000715255737,1.0500000715255737,1.0
115000,1.3892298,150.75,0.24527626,-0.14999999850988388,-0.14999999850988388,1.0
115500,1.3892298,199.66666666666666,2.721771,7.4666671852270765,7.4666671852270765,1.0
116000,1.3892298,199.0,2.4125144,19.800002098083496,19.800002098083496,1.0
116500,1.3894402,199.0,1.4442006,0.0,0.0,1.0
117000,1.3903533,199.0,3.8512154,8.900000095367432,8.900000095367432,1.0
117500,1.3903532,199.0,2.476894,10.000001192092896,10.000001192092896,1.0
118000,1.3903533,199.0,1.4686928,18.200000762939453,18.200000762939453,1.0
118500,1.3903533,199.0,3.8007069,8.750000834465027,8.750000834465027,1.0
119000,1.3903532,199.0,3.6292558,22.200002670288086,22.200002670288086,1.0
119500,1.3903532,199.5,2.595745,1.5333333412806194,1.5333333412806194,1.0
120000,1.3903532,199.2,2.2028005,9.575001001358032,9.575001001358032,1.0
120500,1.3903532,199.0,4.01639,9.96666685740153,9.96666685740153,1.0
121000,1.3903532,199.5,3.3734727,20.70000171661377,20.70000171661377,1.0
121500,1.3897984,199.0,1.2662306,0.0,0.0,1.0
122000,1.3862394,135.5,2.247048,6.099999904632568,6.099999904632568,1.0
122500,1.3862197,199.0,2.8967144,10.975001096725464,10.975001096725464,1.0
123000,1.3862197,199.0,1.3372953,0.0,0.0,1.0
123500,1.3862197,199.0,4.1368637,11.20000097155571,11.20000097155571,1.0
124000,1.3862197,199.0,2.5765433,6.1750002801418304,6.1750002801418304,1.0
124500,1.3862197,199.0,1.4964218,0.30000001192092896,0.30000001192092896,1.0
125000,1.3862199,199.0,3.1693444,13.966668128967285,13.966668128967285,1.0
125500,1.3862197,199.0,2.3393939,1.399999976158142,1.399999976158142,1.0
126000,1.3862197,199.66666666666666,3.8922133,5.700000484784444,5.700000484784444,1.0
126500,1.3857152,199.0,2.9275155,16.60000228881836,16.60000228881836,1.0
127000,1.383072,199.33333333333334,1.3593831,0.0,0.0,1.0
127500,1.383072,150.25,3.1386306,9.480001127719879,9.480001127719879,1.0
128000,1.383072,199.0,4.14179,11.950001060962677,11.950001060962677,1.0
128500,1.383072,126.2,2.1124265,3.240000343322754,3.240000343322754,1.0
129000,1.383072,199.0,2.9482856,6.5000003178914385,6.5000003178914385,1.0
129500,1.383072,199.25,4.02858,12.733334511518478,12.733334511518478,1.0
130000,1.383072,199.0,4.3519373,18.800001462300617,18.800001462300617,1.0
130500,1.383072,199.0,1.7040825,0.0,0.0,1.0
131000,1.383072,199.0,3.3723712,10.40000057220459,10.40000057220459,1.0
131500,1.383072,200.0,3.0384693,19.600001335144043,19.600001335144043,1.0
132000,1.3821802,175.0,3.761244,10.125000774860382,10.125000774860382,1.0
132500,1.3820189,199.0,2.4196935,-0.5,-0.5,1.0
133000,1.3820189,199.25,4.1367874,12.000001271565756,12.000001271565756,1.0
133500,1.3820189,199.0,3.006696,7.980000686645508,7.980000686645508,1.0
134000,1.3820188,86.66666666666667,1.9080372,7.233334382375081,7.233334382375081,1.0
134500,1.3820188,199.0,4.456431,13.280001449584962,13.280001449584962,1.0
135000,1.3820188,13.0,3.1437342,-1.0,-1.0,1.0
135500,1.3820188,199.0,3.8159943,12.500000573694706,12.500000573694706,1.0
136000,1.3820189,199.0,2.2389321,0.0,0.0,1.0
136500,1.3820188,130.0,2.8413708,6.475000619888306,6.475000619888306,1.0
137000,1.3786017,199.0,5.967249,15.850001372396946,15.850001372396946,1.0
137500,1.3777894,199.0,2.3354251,None,None,1.0
138000,1.3777894,199.25,4.4243436,11.940001088380814,11.940001088380814,1.0
138500,1.3777894,133.25,3.5255687,5.433333605527878,5.433333605527878,1.0
139000,1.3777894,199.0,3.3744805,11.45000147819519,11.45000147819519,1.0
139500,1.3777893,127.75,0.6199969,0.3999999761581421,0.3999999761581421,1.0
140000,1.3777893,199.0,2.0392647,0.6499999910593033,0.6499999910593033,1.0
140500,1.3777894,199.0,3.8379745,8.033333778381348,8.033333778381348,1.0
141000,1.3777894,199.0,2.5550268,0.0,0.0,1.0
141500,1.3777893,199.0,5.155478,8.800000458955765,8.800000458955765,1.0
142000,1.3786818,None,3.2524922,None,None,1.0
142500,1.3800906,199.0,3.78863,0.0,0.0,1.0
143000,1.3800906,199.0,4.4290185,16.56666914621989,16.56666914621989,1.0
143500,1.3800907,121.0,4.235251,7.583334336678187,7.583334336678187,1.0
144000,1.3800906,199.0,4.0720534,12.300001239776611,12.300001239776611,1.0
144500,1.3800905,159.75,3.016719,9.450000524520874,9.450000524520874,1.0
145000,1.3800906,134.0,3.3101532,-0.44999999925494194,-0.44999999925494194,1.0
145500,1.3800907,102.0,3.336686,5.640000724792481,5.640000724792481,1.0
146000,1.3800906,199.0,4.838809,17.000001192092896,17.000001192092896,1.0
146500,1.3800905,199.0,5.0463777,17.55000066757202,17.55000066757202,1.0
147000,1.3793106,199.0,4.1656384,6.900000765919685,6.900000765919685,1.0
147500,1.3785117,199.5,2.9566712,10.850001335144043,10.850001335144043,1.0
148000,1.3785118,200.0,5.4178863,19.56666914621989,19.56666914621989,1.0
148500,1.3785118,199.0,3.6544452,10.600000858306885,10.600000858306885,1.0
149000,1.3785119,171.14285714285714,3.528851,8.31428638952119,8.31428638952119,1.0
149500,1.3785117,135.33333333333334,4.7931075,12.900001525878906,12.900001525878906,1.0
150000,1.3785118,199.0,3.2398136,10.933334350585938,10.933334350585938,1.0
150500,1.3785118,136.5,3.061562,7.2666676839192705,7.2666676839192705,1.0
151000,1.3785117,160.4,5.6987348,14.975001692771912,14.975001692771912,1.0
151500,1.3785119,None,3.7842073,0.0,0.0,1.0
152000,1.3778536,199.0,3.7916882,0.4000000059604645,0.4000000059604645,1.0
152500,1.3761779,199.0,6.0117025,12.100001017252604,12.100001017252604,1.0
153000,1.3761778,151.0,4.837024,11.600001193583012,11.600001193583012,1.0
153500,1.3761778,199.0,3.5627859,20.800002098083496,20.800002098083496,1.0
154000,1.3761779,199.0,7.2717376,12.400000631809235,12.400000631809235,1.0
154500,1.3761781,123.4,5.462604,10.980001258850098,10.980001258850098,1.0
155000,1.3761779,199.33333333333334,4.943179,8.975000590085983,8.975000590085983,1.0
155500,1.3761779,142.0,4.5510454,7.100000619888306,7.100000619888306,1.0
156000,1.376178,142.0,5.2418604,14.500001788139343,14.500001788139343,1.0
156500,1.3761778,45.0,3.0589912,-1.0,-1.0,1.0
157000,1.3755475,166.6,3.8867662,7.550000488758087,7.550000488758087,1.0
157500,1.3706604,199.0,5.061736,12.600000381469727,12.600000381469727,1.0
158000,1.3706605,199.25,4.2935843,10.650000810623169,10.650000810623169,1.0
158500,1.3706604,121.4,4.3489165,8.733334143956503,8.733334143956503,1.0
159000,1.3706604,154.75,6.487728,11.075000584125519,11.075000584125519,1.0
159500,1.3706605,106.5,4.043069,6.000000596046448,6.000000596046448,1.0
160000,1.3706604,106.66666666666667,2.773693,-0.6666666666666666,-0.6666666666666666,1.0
160500,1.3706604,137.66666666666666,4.5550537,15.333334485689798,15.333334485689798,1.0
161000,1.3706604,105.8,2.8983128,0.33999998569488527,0.33999998569488527,1.0
161500,1.3706605,199.33333333333334,5.2618113,13.30000114440918,13.30000114440918,1.0
162000,1.3710128,135.16666666666666,5.4466662,7.500000527926853,7.500000527926853,1.0
162500,1.3728037,132.6,3.925632,6.440000474452972,6.440000474452972,1.0
163000,1.3728037,199.0,4.4487576,12.950001433491707,12.950001433491707,1.0
163500,1.3728037,133.0,3.312868,-0.800000011920929,-0.800000011920929,1.0
164000,1.3728034,199.0,6.0646853,12.05000114440918,12.05000114440918,1.0
164500,1.3728038,165.33333333333334,4.879668,7.633333762486775,7.633333762486775,1.0
165000,1.3728034,199.0,5.218699,15.366668343544006,15.366668343544006,1.0
165500,1.3728038,170.66666666666666,4.2813616,7.966667115688324,7.966667115688324,1.0
166000,1.3728036,199.33333333333334,7.7446127,21.22500205039978,21.22500205039978,1.0
166500,1.3728036,199.0,6.231139,17.000001192092896,17.000001192092896,1.0
167000,1.3727623,91.71428571428571,2.6547065,5.314286368233817,5.314286368233817,1.0
167500,1.3733501,175.0,4.655801,13.666668256123861,13.666668256123861,1.0
168000,1.3733503,199.5,4.6514997,0.0,0.0,1.0
168500,1.3733501,199.0,7.928645,19.500001907348633,19.500001907348633,1.0
169000,1.3733503,199.0,3.550465,0.0,0.0,1.0
169500,1.3733503,199.0,5.2461896,13.025001168251038,13.025001168251038,1.0
170000,1.3733501,199.33333333333334,7.2419496,21.866668701171875,21.866668701171875,1.0
170500,1.3733503,160.25,6.1664696,13.05000102519989,13.05000102519989,1.0
171000,1.3733503,199.0,5.0780334,6.700000286102295,6.700000286102295,1.0
171500,1.3733503,199.0,5.635284,17.300001621246338,17.300001621246338,1.0
172000,1.372477,199.2,6.4289765,12.525001406669617,12.525001406669617,1.0
172500,1.3689123,199.33333333333334,6.737708,16.666667620340984,16.666667620340984,1.0
173000,1.3689126,199.0,7.0463066,12.750000715255737,12.750000715255737,1.0
173500,1.3689126,199.0,7.255228,19.150001525878906,19.150001525878906,1.0
174000,1.3689125,199.5,6.031402,16.400001525878906,16.400001525878906,1.0
174500,1.3689125,199.0,7.5343056,13.460000824928283,13.460000824928283,1.0
175000,1.3689126,199.0,5.1528854,17.400001525878906,17.400001525878906,1.0
175500,1.3689123,199.0,8.13161,18.275002002716064,18.275002002716064,1.0
176000,1.3689126,None,6.1662645,10.800000190734863,10.800000190734863,1.0
176500,1.3689126,199.0,7.103713,20.20000123977661,20.20000123977661,1.0
177000,1.3689126,143.57142857142858,3.2802682,9.228572300502233,9.228572300502233,1.0
177500,1.3664228,199.0,5.0658655,15.250001668930054,15.250001668930054,1.0
178000,1.3657888,199.0,8.380456,19.85000205039978,19.85000205039978,1.0
178500,1.3657886,199.0,7.3966727,14.700000762939453,14.700000762939453,1.0
179000,1.3657888,199.0,5.4011235,7.250000953674316,7.250000953674316,1.0
179500,1.3657888,199.5,7.1438823,11.54000120162964,11.54000120162964,1.0
180000,1.3657888,199.0,6.0654807,16.000000953674316,16.000000953674316,1.0
180500,1.3657888,199.0,7.674746,17.925001621246338,17.925001621246338,1.0
181000,1.3657888,199.0,6.765644,13.400001049041748,13.400001049041748,1.0
181500,1.3657886,132.6,4.3243957,5.480000305175781,5.480000305175781,1.0
182000,1.3657886,163.0,6.187749,10.150000795722008,10.150000795722008,1.0
182500,1.36478,162.66666666666666,7.1356225,11.000000953674316,11.000000953674316,1.0
183000,1.3641971,199.0,6.066599,15.600000858306885,15.600000858306885,1.0
183500,1.364197,167.75,4.0430894,6.533334096272786,6.533334096272786,1.0
184000,1.3641971,199.0,8.264853,21.300002415974934,21.300002415974934,1.0
184500,1.3641971,128.66666666666666,3.2642424,4.77500057220459,4.77500057220459,1.0
185000,1.364197,199.0,8.686709,17.30000114440918,17.30000114440918,1.0
185500,1.364197,38.0,4.2828,None,None,1.0
186000,1.364197,133.66666666666666,4.4703674,9.050001338124275,9.050001338124275,1.0
186500,1.3641971,199.66666666666666,5.846841,13.566667556762695,13.566667556762695,1.0
187000,1.3641971,199.0,8.759013,16.725001454353333,16.725001454353333,1.0
187500,1.3632926,199.0,4.673748,11.566667715708414,11.566667715708414,1.0
188000,1.3625048,199.0,7.620458,17.05000114440918,17.05000114440918,1.0
188500,1.3625047,199.0,5.989424,13.833335240681967,13.833335240681967,1.0
189000,1.362505,165.6,4.116805,7.960000467300415,7.960000467300415,1.0
189500,1.3625047,136.66666666666666,6.3302565,10.350000858306885,10.350000858306885,1.0
190000,1.3625048,None,5.1557455,0.4000000059604645,0.4000000059604645,1.0
190500,1.362505,199.0,5.9088106,24.00000286102295,24.00000286102295,1.0
191000,1.362505,159.6,5.1269107,8.725000739097595,8.725000739097595,1.0
191500,1.3625048,145.71428571428572,6.1162767,10.900001240628105,10.900001240628105,1.0
192000,1.3625048,199.0,6.362857,9.250000953674316,9.250000953674316,1.0
192500,1.3600425,127.4,7.450605,13.075001120567322,13.075001120567322,1.0
193000,1.3571423,199.5,3.788774,3.0500000715255737,3.0500000715255737,1.0
193500,1.3571423,199.33333333333334,6.95675,21.500001907348633,21.500001907348633,1.0
194000,1.3571423,132.2,6.1708975,12.340001583099365,12.340001583099365,1.0
194500,1.3571423,141.33333333333334,5.5900674,9.400001049041748,9.400001049041748,1.0
195000,1.3571421,23.0,6.008823,-1.0,-1.0,1.0
195500,1.3571421,152.0,4.2889967,10.500001430511475,10.500001430511475,1.0
196000,1.3571423,199.0,7.3466215,12.700001120567322,12.700001120567322,1.0
196500,1.3571423,199.5,8.673413,20.525002598762512,20.525002598762512,1.0
197000,1.3571423,199.0,5.1717997,0.25,0.25,1.0
197500,1.3553281,112.0,4.859153,14.500001271565756,14.500001271565756,1.0
198000,1.3536017,71.66666666666667,6.3619933,3.9333335558573403,3.9333335558573403,1.0
198500,1.3536016,199.0,9.183914,18.500001430511475,18.500001430511475,1.0
199000,1.3536016,199.0,6.4998155,14.000001192092896,14.000001192092896,1.0
199500,1.3536016,199.0,8.486906,15.950000286102295,15.950000286102295,1.0
200000,1.3536016,199.33333333333334,7.9077086,17.833335558573406,17.833335558573406,1.0
200500,1.3536016,199.0,6.4940414,None,None,1.0
201000,1.3536016,199.0,7.542466,16.083334734042484,16.083334734042484,1.0
201500,1.3536016,199.0,6.929953,13.766668319702148,13.766668319702148,1.0
202000,1.3536016,199.0,7.066369,9.600001573562622,9.600001573562622,1.0
202500,1.3533156,71.0,5.1455746,9.600000858306885,9.600000858306885,1.0
203000,1.3513421,83.66666666666667,2.8064308,-0.6666666666666666,-0.6666666666666666,1.0
203500,1.3513421,199.0,6.119843,15.650001049041748,15.650001049041748,1.0
204000,1.3513421,199.4,6.803468,15.666668256123861,15.666668256123861,1.0
204500,1.351342,199.5,8.648806,18.70000171661377,18.70000171661377,1.0
205000,1.351342,116.5,6.838585,10.750001907348633,10.750001907348633,1.0
205500,1.3513421,150.75,2.2867382,-0.4,-0.4,1.0
206000,1.3513418,199.0,8.778751,21.000001907348633,21.000001907348633,1.0
206500,1.3513422,134.0,8.341973,10.90000089009603,10.90000089009603,1.0
207000,1.351342,122.2,7.2750764,10.200000762939453,10.200000762939453,1.0
207500,1.3507763,106.8,4.9986672,8.920000648498535,8.920000648498535,1.0
208000,1.35022,149.0,7.04532,11.200001080830893,11.200001080830893,1.0
208500,1.3502201,199.0,9.73037,21.250002145767212,21.250002145767212,1.0
209000,1.3502201,158.33333333333334,9.735133,20.500001907348633,20.500001907348633,1.0
209500,1.3502202,134.66666666666666,5.846218,8.77500057220459,8.77500057220459,1.0
210000,1.3502201,154.5,7.5246406,15.850001811981201,15.850001811981201,1.0
210500,1.3502201,199.33333333333334,8.648496,23.800002098083496,23.800002098083496,1.0
211000,1.3502201,None,9.45415,25.700002670288086,25.700002670288086,1.0
211500,1.3502201,199.0,5.8975844,9.300000190734863,9.300000190734863,1.0
212000,1.3502201,100.25,5.5133038,7.900000890096028,7.900000890096028,1.0
212500,1.3498155,173.33333333333334,7.717835,15.000001287460327,15.000001287460327,1.0
213000,1.345046,199.0,8.642629,18.63333495457967,18.63333495457967,1.0
213500,1.3450358,199.0,7.951982,15.833334604899088,15.833334604899088,1.0
214000,1.3450357,104.5,4.8216095,13.26666816075643,13.26666816075643,1.0
214500,1.3450357,179.0,7.980985,15.240001201629639,15.240001201629639,1.0
215000,1.3450357,199.0,8.353995,15.533334891001383,15.533334891001383,1.0
215500,1.3450357,199.0,4.877519,9.600000858306885,9.600000858306885,1.0
216000,1.3450358,146.0,4.9848995,-1.0,-1.0,1.0
216500,1.3450358,99.66666666666667,5.439094,-0.6666666666666666,-0.6666666666666666,1.0
217000,1.3450358,199.0,5.9858365,17.70000171661377,17.70000171661377,1.0
217500,1.344613,199.0,6.4025526,14.166667560736338,14.166667560736338,1.0
218000,1.3414993,177.4,6.735617,15.40000114440918,15.40000114440918,1.0
218500,1.3415024,199.0,9.266985,20.3500018119812,20.3500018119812,1.0
219000,1.3415024,169.5,3.5684729,4.020000267028808,4.020000267028808,1.0
219500,1.3415023,142.5,4.5039015,0.0,0.0,1.0
220000,1.3415024,125.2,5.5405154,8.9200008392334,8.9200008392334,1.0
220500,1.3415023,200.0,7.8011093,20.850001573562622,20.850001573562622,1.0
221000,1.3415024,199.0,2.7865272,0.0,0.0,1.0
221500,1.3415024,169.8,6.510254,12.42500114440918,12.42500114440918,1.0
222000,1.3415023,118.5,5.7409477,10.450001239776611,10.450001239776611,1.0
222500,1.3415024,150.75,6.5780177,10.200001239776611,10.200001239776611,1.0
223000,1.3406942,150.75,4.637839,8.040000343322754,8.040000343322754,1.0
223500,1.338558,199.0,5.7771997,0.0,0.0,1.0
224000,1.3385581,199.0,9.7964525,18.800001740455627,18.800001740455627,1.0
224500,1.338558,199.33333333333334,9.57691,22.133336385091145,22.133336385091145,1.0
225000,1.338558,145.0,7.0794225,13.100001017252604,13.100001017252604,1.0
225500,1.338558,None,8.672397,None,None,1.0
226000,1.3385581,199.0,10.374906,16.000001430511475,16.000001430511475,1.0
226500,1.3385581,143.33333333333334,6.737429,12.600001525878906,12.600001525878906,1.0
227000,1.338558,116.0,7.0055366,9.45000171661377,9.45000171661377,1.0
227500,1.3385581,199.4,10.099314,20.62500238418579,20.62500238418579,1.0
228000,1.3374931,199.33333333333334,7.6210136,21.37500238418579,21.37500238418579,1.0
228500,1.3365014,199.0,10.149004,17.900001525878906,17.900001525878906,1.0
229000,1.3365012,199.0,7.9157257,20.700002431869507,20.700002431869507,1.0
229500,1.3365015,160.0,5.601629,4.90000057220459,4.90000057220459,1.0
230000,1.3365014,199.0,8.980859,23.000001907348633,23.000001907348633,1.0
230500,1.3365014,None,3.3586354,None,None,1.0
231000,1.3365014,199.25,6.03539,12.066668192545572,12.066668192545572,1.0
231500,1.3365015,199.0,9.877205,23.800002574920654,23.800002574920654,1.0
232000,1.3365012,199.0,8.123796,13.075001239776611,13.075001239776611,1.0
232500,1.3365015,199.0,6.9850273,7.2250005304813385,7.2250005304813385,1.0
233000,1.334819,142.66666666666666,6.8511786,7.90000057220459,7.90000057220459,1.0
233500,1.3346359,148.5,5.817859,9.940000820159913,9.940000820159913,1.0
234000,1.3346357,132.66666666666666,4.791327,9.500000953674316,9.500000953674316,1.0
234500,1.3346357,174.0,9.807331,18.125001549720764,18.125001549720764,1.0
235000,1.334636,None,7.514303,-1.0,-1.0,1.0
235500,1.3346357,199.25,6.9231963,5.766667207082112,5.766667207082112,1.0
236000,1.3346357,116.0,7.9148726,14.100001335144043,14.100001335144043,1.0
236500,1.3346357,199.0,8.691396,19.100001335144043,19.100001335144043,1.0
237000,1.3346357,199.0,10.191985,17.266668637593586,17.266668637593586,1.0
237500,1.3346357,199.0,9.680143,20.10000228881836,20.10000228881836,1.0
238000,1.3344322,199.25,8.109535,18.433334668477375,18.433334668477375,1.0
238500,1.3341848,116.25,7.068661,9.766667577955458,9.766667577955458,1.0
239000,1.3341846,134.33333333333334,6.344225,5.800000190734863,5.800000190734863,1.0
239500,1.3341846,102.75,7.179614,8.116667032241821,8.116667032241821,1.0
240000,1.3341846,None,2.7944221,None,None,1.0
240500,1.3341845,160.2,6.005605,8.125000715255737,8.125000715255737,1.0
241000,1.3341846,199.0,9.106648,12.233334193627039,12.233334193627039,1.0
241500,1.3341846,199.0,6.2867866,0.0,0.0,1.0
242000,1.3341846,117.5,6.6112633,-0.5,-0.5,1.0
242500,1.3341846,199.5,8.553209,16.80000114440918,16.80000114440918,1.0
243000,1.3338157,133.0,7.342226,6.175000548362732,6.175000548362732,1.0
243500,1.3337191,199.4,11.033295,19.850001851717632,19.850001851717632,1.0
244000,1.3337191,142.5,7.194165,12.18000087738037,12.18000087738037,1.0
244500,1.3337191,199.0,10.313185,19.83333484331767,19.83333484331767,1.0
245000,1.3337191,127.0,5.7528553,-0.5,-0.5,1.0
245500,1.3337191,139.33333333333334,7.2055726,14.600001335144043,14.600001335144043,1.0
246000,1.3337191,199.0,8.713978,20.800003051757812,20.800003051757812,1.0
246500,1.333719,199.0,8.609145,17.500000953674316,17.500000953674316,1.0
247000,1.3337193,199.0,9.628959,19.500001430511475,19.500001430511475,1.0
247500,1.3337191,144.0,5.410272,6.300000508626302,6.300000508626302,1.0
248000,1.333422,199.16666666666666,9.481938,13.200000882148743,13.200000882148743,1.0
248500,1.3325953,199.0,8.448863,23.766669273376465,23.766669273376465,1.0
249000,1.3325956,199.0,9.100792,13.500001049041748,13.500001049041748,1.0
249500,1.3325956,199.0,10.37807,21.700002670288086,21.700002670288086,1.0
250000,1.3325955,150.75,6.742045,10.900001049041748,10.900001049041748,1.0
250500,1.3325956,199.0,7.956285,24.200002670288086,24.200002670288086,1.0
251000,1.3325956,199.0,8.022247,23.550002574920654,23.550002574920654,1.0
251500,1.3325955,199.0,9.960155,None,None,1.0
252000,1.3325953,199.0,10.209138,17.500001907348633,17.500001907348633,1.0
252500,1.3325955,199.0,10.024975,13.625000953674316,13.625000953674316,1.0
253000,1.3321122,171.14285714285714,9.114295,13.6750009059906,13.6750009059906,1.0
253500,1.3307346,163.2,8.7725525,14.925001382827759,14.925001382827759,1.0
254000,1.3307347,142.33333333333334,8.87576,16.37500238418579,16.37500238418579,1.0
254500,1.3307345,123.5,5.531385,12.500001430511475,12.500001430511475,1.0
255000,1.3307346,199.0,6.7293844,18.500000953674316,18.500000953674316,1.0
255500,1.3307346,199.0,8.299158,12.250000953674316,12.250000953674316,1.0
256000,1.3307346,199.0,8.99001,17.100000858306885,17.100000858306885,1.0
256500,1.3307346,199.0,9.314957,21.800002098083496,21.800002098083496,1.0
257000,1.3307347,199.0,7.323308,8.666667560736338,8.666667560736338,1.0
257500,1.3307346,199.2,9.581237,21.175002694129944,21.175002694129944,1.0
258000,1.3301905,199.0,10.186206,20.600001494089764,20.600001494089764,1.0
258500,1.3280729,199.5,10.288748,20.925001740455627,20.925001740455627,1.0
259000,1.3280593,199.0,8.35748,11.150001525878906,11.150001525878906,1.0
259500,1.3280593,199.33333333333334,10.218493,18.400001684824627,18.400001684824627,1.0
260000,1.3280593,133.66666666666666,9.71781,14.23333485921224,14.23333485921224,1.0
260500,1.3280592,199.0,9.137068,21.90000343322754,21.90000343322754,1.0
261000,1.3280593,199.0,6.9644537,21.600001335144043,21.600001335144043,1.0
261500,1.3280594,29.0,7.7896523,7.300000429153442,7.300000429153442,1.0
262000,1.3280594,199.0,10.722735,23.400002479553223,23.400002479553223,1.0
262500,1.3280593,198.85714285714286,8.295986,14.183335224787394,14.183335224787394,1.0
263000,1.3280593,136.33333333333334,7.6411405,10.425001122057438,10.425001122057438,1.0
263500,1.3251108,199.0,10.728983,18.400001764297485,18.400001764297485,1.0
264000,1.3244125,120.0,9.196022,12.700001080830893,12.700001080830893,1.0
264500,1.3244123,199.0,5.594673,12.85000228881836,12.85000228881836,1.0
265000,1.3244123,199.0,9.285484,21.300002733866375,21.300002733866375,1.0
265500,1.3244126,199.0,9.4570055,27.10000228881836,27.10000228881836,1.0
266000,1.3244123,200.0,10.720568,17.000001430511475,17.000001430511475,1.0
266500,1.3244123,199.0,8.043569,11.550001382827759,11.550001382827759,1.0
267000,1.3244123,141.66666666666666,6.0938044,-0.5,-0.5,1.0
267500,1.3244125,199.0,9.65887,19.080001640319825,19.080001640319825,1.0
268000,1.3244123,199.25,9.718309,19.50000222524007,19.50000222524007,1.0
268500,1.3232628,199.0,11.365288,20.30000178019206,20.30000178019206,1.0
269000,1.322895,161.25,7.8293595,8.400000413258871,8.400000413258871,1.0
269500,1.322895,199.33333333333334,10.4927845,18.500001112620037,18.500001112620037,1.0
270000,1.3228949,36.0,7.5414686,9.250001192092896,9.250001192092896,1.0
270500,1.322895,200.0,9.601458,16.100001335144043,16.100001335144043,1.0
271000,1.322895,199.0,8.205017,15.600000858306885,15.600000858306885,1.0
271500,1.322895,124.4,7.347997,13.460001301765441,13.460001301765441,1.0
272000,1.3228949,199.25,9.094945,15.36000165939331,15.36000165939331,1.0
272500,1.322895,199.0,10.541403,19.833335399627686,19.833335399627686,1.0
273000,1.322895,113.5,6.8579283,5.733333905537923,5.733333905537923,1.0
273500,1.320769,199.33333333333334,8.094194,15.966668287913004,15.966668287913004,1.0
274000,1.3194646,162.4,9.492435,17.525001525878906,17.525001525878906,1.0
274500,1.3194646,199.0,8.577141,20.000001668930054,20.000001668930054,1.0
275000,1.3194646,200.0,8.559646,22.700002670288086,22.700002670288086,1.0
275500,1.3194646,145.5,5.1033845,-0.5,-0.5,1.0
276000,1.3194644,199.0,9.8579235,20.200002193450928,20.200002193450928,1.0
276500,1.3194647,199.2,8.194656,10.100000858306885,10.100000858306885,1.0
277000,1.3194646,199.0,11.099917,17.900001168251038,17.900001168251038,1.0
277500,1.3194646,199.0,10.152948,13.566667874654135,13.566667874654135,1.0
278000,1.3194644,133.66666666666666,10.322684,20.00000238418579,20.00000238418579,1.0
278500,1.3182893,137.0,4.7064753,4.966667493184407,4.966667493184407,1.0
279000,1.3169478,199.0,9.604116,22.575002193450928,22.575002193450928,1.0
279500,1.3169478,200.0,8.537556,21.900001525878906,21.900001525878906,1.0
280000,1.3169478,199.0,8.610661,15.000000953674316,15.000000953674316,1.0
280500,1.3169478,140.66666666666666,6.753284,7.57500034570694,7.57500034570694,1.0
281000,1.3169478,150.25,5.8423343,5.700000127156575,5.700000127156575,1.0
281500,1.3169478,199.0,9.438858,13.875001311302185,13.875001311302185,1.0
282000,1.3169478,166.66666666666666,7.8459725,12.416667501131693,12.416667501131693,1.0
282500,1.3169478,144.33333333333334,8.822789,8.55000114440918,8.55000114440918,1.0
283000,1.3169478,199.0,11.383723,22.50000222524007,22.50000222524007,1.0
283500,1.3161182,132.5,7.2016387,-0.5,-0.5,1.0
284000,1.3149608,199.0,9.14572,19.20000171661377,19.20000171661377,1.0
284500,1.3149607,None,10.251884,22.600003242492676,22.600003242492676,1.0
285000,1.3149608,199.0,9.156144,25.450002193450928,25.450002193450928,1.0
285500,1.3149607,199.0,8.701811,23.75000238418579,23.75000238418579,1.0
286000,1.3149608,139.0,7.095193,12.685715402875628,12.685715402875628,1.0
286500,1.3149608,199.5,9.446444,10.500000387430191,10.500000387430191,1.0
287000,1.3149608,165.0,7.7055087,10.60000114440918,10.60000114440918,1.0
287500,1.3149608,136.66666666666666,8.846625,11.400001207987467,11.400001207987467,1.0
288000,1.3149608,128.8,7.0785985,8.760000801086425,8.760000801086425,1.0
288500,1.315479,199.0,10.973952,21.900002638498943,21.900002638498943,1.0
289000,1.3178569,199.0,11.369337,18.400001525878906,18.400001525878906,1.0
289500,1.3178569,199.0,10.58326,19.100001335144043,19.100001335144043,1.0
290000,1.3178568,199.5,11.100211,18.25000023841858,18.25000023841858,1.0
290500,1.3178569,102.25,7.385927,6.600000699361165,6.600000699361165,1.0
291000,1.3178568,133.33333333333334,8.34029,15.125001668930054,15.125001668930054,1.0
291500,1.3178569,199.0,10.281634,19.600001335144043,19.600001335144043,1.0
292000,1.317857,199.0,11.162043,22.000001589457195,22.000001589457195,1.0
292500,1.3178569,199.0,11.292789,19.375002145767212,19.375002145767212,1.0
293000,1.317857,199.33333333333334,10.688356,13.80000114440918,13.80000114440918,1.0
293500,1.3176864,170.4,11.817074,19.60000228881836,19.60000228881836,1.0
294000,1.3158429,None,9.301291,7.350000619888306,7.350000619888306,1.0
294500,1.3158408,199.0,11.392185,22.400002479553223,22.400002479553223,1.0
295000,1.3158407,None,8.533266,22.10000228881836,22.10000228881836,1.0
295500,1.315841,199.0,11.80041,26.233335812886555,26.233335812886555,1.0
296000,1.315841,199.33333333333334,10.102696,21.266668637593586,21.266668637593586,1.0
296500,1.3158406,164.8,9.798635,16.300001621246338,16.300001621246338,1.0
297000,1.3158407,199.5,8.707561,12.566668510437012,12.566668510437012,1.0
297500,1.3158406,199.33333333333334,6.90187,11.150001525878906,11.150001525878906,1.0
298000,1.3158406,114.4,6.3863053,8.220000839233398,8.220000839233398,1.0
298500,1.3158407,99.14285714285714,7.1890507,10.62500113248825,10.62500113248825,1.0
299000,1.3163792,199.0,9.755449,13.900001525878906,13.900001525878906,1.0
299500,1.3165228,199.0,11.327314,15.40000057220459,15.40000057220459,1.0
300000,1.3165228,199.0,11.383362,25.000001907348633,25.000001907348633,1.0
300500,1.3165228,199.0,9.698956,21.70000171661377,21.70000171661377,1.0
301000,1.3165228,199.0,10.813701,28.60000228881836,28.60000228881836,1.0
301500,1.3165228,199.0,10.960422,24.066669782002766,24.066669782002766,1.0
302000,1.3165228,199.0,8.052715,24.05000352859497,24.05000352859497,1.0
302500,1.3165228,188.0,8.654521,13.975000858306885,13.975000858306885,1.0
303000,1.3165228,145.57142857142858,9.57806,13.285715511866979,13.285715511866979,1.0
303500,1.316523,199.0,10.87588,21.37500262260437,21.37500262260437,1.0
304000,1.3122747,199.0,6.657304,0.0,0.0,1.0
304500,1.3111849,None,10.782898,33.50000286102295,33.50000286102295,1.0
305000,1.311185,158.25,9.788087,14.766668001810709,14.766668001810709,1.0
305500,1.311185,None,11.947775,25.000001907348633,25.000001907348633,1.0
306000,1.311185,150.5,8.5592375,12.166667938232422,12.166667938232422,1.0
306500,1.311185,199.0,10.278813,24.50000238418579,24.50000238418579,1.0
307000,1.3111851,199.33333333333334,12.054606,18.766668637593586,18.766668637593586,1.0
307500,1.3111851,199.2,10.402111,23.42000217437744,23.42000217437744,1.0
308000,1.3111849,140.0,9.750366,10.114286538745676,10.114286538745676,1.0
308500,1.311185,82.4,7.5687256,8.120000457763672,8.120000457763672,1.0
309000,1.3110882,188.0,9.319454,-1.0,-1.0,1.0
309500,1.3095084,82.0,8.486404,-1.0,-1.0,1.0
310000,1.3095083,199.0,11.8263855,20.85000240802765,20.85000240802765,1.0
310500,1.3095083,None,9.261978,None,None,1.0
311000,1.3095083,159.8,10.432482,16.780001831054687,16.780001831054687,1.0
311500,1.3095083,199.0,10.481653,16.95000171661377,16.95000171661377,1.0
312000,1.3095084,152.5,9.138423,9.233333905537924,9.233333905537924,1.0
312500,1.3095082,199.0,11.908966,19.200002041459083,19.200002041459083,1.0
313000,1.3095083,199.0,11.655046,20.550001621246338,20.550001621246338,1.0
313500,1.3095083,134.66666666666666,7.4427843,8.533334255218506,8.533334255218506,1.0
314000,1.3096527,199.0,10.720951,None,None,1.0
314500,1.3097279,199.0,9.869086,23.82500171661377,23.82500171661377,1.0
315000,1.3097278,199.0,9.846918,17.600001335144043,17.600001335144043,1.0
315500,1.3097278,199.33333333333334,10.561461,20.700002193450928,20.700002193450928,1.0
316000,1.3097279,200.0,10.8047085,19.350001335144043,19.350001335144043,1.0
316500,1.3097279,199.0,9.227691,6.700000524520874,6.700000524520874,1.0
317000,1.3097278,199.0,12.299982,20.20000108083089,20.20000108083089,1.0
317500,1.3097278,199.25,11.788291,18.62000141143799,18.62000141143799,1.0
318000,1.3097278,199.0,10.264204,14.550000667572021,14.550000667572021,1.0
318500,1.3097278,199.0,11.912234,22.950002670288086,22.950002670288086,1.0
319000,1.309578,101.5,8.658481,7.750000476837158,7.750000476837158,1.0
319500,1.3091904,199.0,11.034163,17.56666851043701,17.56666851043701,1.0
320000,1.3091905,84.0,10.280511,9.200000762939453,9.200000762939453,1.0
320500,1.3091905,199.25,12.020331,22.233335812886555,22.233335812886555,1.0
321000,1.3091905,199.0,12.067015,17.0500009059906,17.0500009059906,1.0
321500,1.3091905,199.33333333333334,12.091864,22.900001525878906,22.900001525878906,1.0
322000,1.3091905,166.5,10.021753,19.500002066294353,19.500002066294353,1.0
322500,1.3091905,199.0,11.839482,21.900001525878906,21.900001525878906,1.0
323000,1.3091905,199.0,11.8993,24.50000254313151,24.50000254313151,1.0
323500,1.3091905,None,9.285463,None,None,1.0
324000,1.3087175,199.33333333333334,10.2549,12.350001454353333,12.350001454353333,1.0
324500,1.3066347,199.5,11.918826,19.400001525878906,19.400001525878906,1.0
325000,1.3066347,199.0,8.432377,12.600001335144043,12.600001335144043,1.0
325500,1.3066344,199.0,12.663847,26.800003051757812,26.800003051757812,1.0
326000,1.3066345,199.33333333333334,11.24156,20.800001621246338,20.800001621246338,1.0
326500,1.3066345,199.0,12.167299,21.933335940043133,21.933335940043133,1.0
327000,1.3066345,199.0,12.271507,20.200001525878907,20.200001525878907,1.0
327500,1.3066345,200.0,11.749349,18.000001192092896,18.000001192092896,1.0
328000,1.3066345,199.0,11.203903,20.70000123977661,20.70000123977661,1.0
328500,1.3066347,199.0,12.11027,22.00000286102295,22.00000286102295,1.0
329000,1.306093,199.0,12.419989,21.833336035410564,21.833336035410564,1.0
329500,1.3036573,199.0,10.303703,8.266667326291403,8.266667326291403,1.0
330000,1.3036572,199.0,12.499656,25.65000343322754,25.65000343322754,1.0
330500,1.3036572,199.0,11.627013,18.850001335144043,18.850001335144043,1.0
331000,1.3036573,199.0,11.828269,23.56666914621989,23.56666914621989,1.0
331500,1.3036573,166.5,10.80421,19.350002606709797,19.350002606709797,1.0
332000,1.3036572,199.0,11.496355,17.60000212987264,17.60000212987264,1.0
332500,1.3036572,199.33333333333334,12.304499,21.35000228881836,21.35000228881836,1.0
333000,1.3036572,None,9.665123,16.400001049041748,16.400001049041748,1.0
333500,1.3036573,130.5,8.253243,9.65000057220459,9.65000057220459,1.0
334000,1.303539,199.0,12.024503,21.93333562215169,21.93333562215169,1.0
334500,1.3026195,199.0,9.913435,10.050000667572021,10.050000667572021,1.0
335000,1.302596,199.25,10.654963,25.56666898727417,25.56666898727417,1.0
335500,1.302596,199.0,11.819618,13.100001096725464,13.100001096725464,1.0
336000,1.302596,155.75,10.375316,14.900001525878906,14.900001525878906,1.0
336500,1.302596,150.0,9.192779,13.300000953674317,13.300000953674317,1.0
337000,1.302596,199.0,10.731984,23.46666940053304,23.46666940053304,1.0
337500,1.302596,199.0,11.897427,14.750000774860382,14.750000774860382,1.0
338000,1.302596,None,11.905939,None,None,1.0
338500,1.302596,146.0,9.75777,12.220001220703125,12.220001220703125,1.0
339000,1.3026242,116.0,8.279457,9.36000099182129,9.36000099182129,1.0
339500,1.3033082,110.0,8.770847,11.30000114440918,11.30000114440918,1.0
340000,1.303308,199.0,13.007779,25.800002415974934,25.800002415974934,1.0
340500,1.3033081,199.0,12.559166,19.900001843770344,19.900001843770344,1.0
341000,1.3033082,199.33333333333334,11.8093405,18.2833351790905,18.2833351790905,1.0
341500,1.3033081,199.0,11.964441,28.700002670288086,28.700002670288086,1.0
342000,1.3033081,199.0,12.245873,29.300003051757812,29.300003051757812,1.0
342500,1.3033081,199.0,11.836271,19.800003051757812,19.800003051757812,1.0
343000,1.3033081,200.0,12.269203,24.900002002716064,24.900002002716064,1.0
343500,1.3033081,133.66666666666666,8.9292755,12.74000129699707,12.74000129699707,1.0
344000,1.3033082,200.0,12.70235,23.1000018119812,23.1000018119812,1.0
344500,1.3022668,103.0,9.165463,6.920000743865967,6.920000743865967,1.0
345000,1.3013792,199.0,12.973855,22.550001621246338,22.550001621246338,1.0
345500,1.3013792,199.2,10.409605,19.60000228881836,19.60000228881836,1.0
346000,1.3013792,199.0,11.350966,26.13333574930827,26.13333574930827,1.0
346500,1.3013793,130.0,10.489253,14.766668319702148,14.766668319702148,1.0
347000,1.3013792,199.0,10.037521,0.0,0.0,1.0
347500,1.3013794,None,11.052905,None,None,1.0
348000,1.3013794,199.0,11.715818,15.900001287460327,15.900001287460327,1.0
348500,1.3013792,168.0,11.407039,19.41666889190674,19.41666889190674,1.0
349000,1.3013792,199.5,10.93942,16.200000762939453,16.200000762939453,1.0
349500,1.3026966,199.0,12.483917,22.025002360343933,22.025002360343933,1.0
350000,1.3032453,199.0,12.546186,19.8500018119812,19.8500018119812,1.0
350500,1.3032453,199.2,11.997846,18.600001752376556,18.600001752376556,1.0
351000,1.3032452,199.0,11.770628,24.60000228881836,24.60000228881836,1.0
351500,1.3032453,200.0,12.000196,25.00000286102295,25.00000286102295,1.0
352000,1.3032453,199.0,12.159527,18.20000171661377,18.20000171661377,1.0
352500,1.3032452,None,11.439406,None,None,1.0
353000,1.3032452,199.0,10.516104,23.733336130777996,23.733336130777996,1.0
353500,1.3032452,150.25,10.740105,17.020001220703126,17.020001220703126,1.0
354000,1.3032452,199.0,10.976189,21.550002574920654,21.550002574920654,1.0
354500,1.3035496,161.8,11.103249,15.166667938232422,15.166667938232422,1.0
355000,1.303553,199.0,12.206137,6.700000762939453,6.700000762939453,1.0
355500,1.3035529,199.2,12.128815,18.520001697540284,18.520001697540284,1.0
356000,1.3035529,110.0,9.756353,14.70000139872233,14.70000139872233,1.0
356500,1.303553,199.0,11.757772,21.300003051757812,21.300003051757812,1.0
357000,1.3035529,28.0,9.415907,11.55000114440918,11.55000114440918,1.0
357500,1.3035529,199.0,12.149437,None,None,1.0
358000,1.3035529,199.2,12.764206,21.540001487731935,21.540001487731935,1.0
358500,1.303553,199.0,12.35705,21.450002431869507,21.450002431869507,1.0
359000,1.3035529,199.0,11.842231,20.540001678466798,20.540001678466798,1.0
359500,1.2991759,199.0,13.059133,23.966668764750164,23.966668764750164,1.0
360000,1.2969526,199.0,11.682096,21.050002098083496,21.050002098083496,1.0
360500,1.2969526,199.0,10.045018,18.66666801770528,18.66666801770528,1.0
361000,1.2969526,199.0,11.638655,20.500001430511475,20.500001430511475,1.0
361500,1.2969526,199.5,12.917862,21.45000171661377,21.45000171661377,1.0
362000,1.2969524,None,10.175025,None,None,1.0
362500,1.2969525,185.33333333333334,10.602306,7.450000524520874,7.450000524520874,1.0
363000,1.2969526,167.33333333333334,10.105539,14.185715624264308,14.185715624264308,1.0
363500,1.2969526,200.0,11.04915,21.40000057220459,21.40000057220459,1.0
364000,1.2969525,199.2,13.044956,23.200002098083495,23.200002098083495,1.0
364500,1.297138,130.5,11.255051,19.900001525878906,19.900001525878906,1.0
365000,1.2972088,160.8,9.937846,9.90000077088674,9.90000077088674,1.0
365500,1.2972088,199.0,11.463072,26.100003242492676,26.100003242492676,1.0
366000,1.2972087,199.0,11.375631,28.700000762939453,28.700000762939453,1.0
366500,1.2972087,199.0,9.9829235,10.200001239776611,10.200001239776611,1.0
367000,1.2972088,199.0,12.02245,None,None,1.0
367500,1.2972088,199.0,12.0156975,18.175001978874207,18.175001978874207,1.0
368000,1.2972088,168.75,10.549994,13.600001484155655,13.600001484155655,1.0
368500,1.2972088,199.33333333333334,12.37664,25.450002670288086,25.450002670288086,1.0
369000,1.2972089,160.2,11.124852,17.083334624767303,17.083334624767303,1.0
369500,1.2972425,152.33333333333334,8.758063,11.400001525878906,11.400001525878906,1.0
370000,1.2973979,150.25,11.044216,17.50000171661377,17.50000171661377,1.0
370500,1.297398,199.0,11.783089,11.150000050663948,11.150000050663948,1.0
371000,1.297398,199.5,12.278484,20.95000171661377,20.95000171661377,1.0
371500,1.297398,None,10.852166,None,None,1.0
372000,1.297398,199.0,10.797257,23.300003051757812,23.300003051757812,1.0
372500,1.2973979,199.0,12.530671,24.50000286102295,24.50000286102295,1.0
373000,1.2973981,199.0,12.821905,23.150002002716064,23.150002002716064,1.0
373500,1.2973981,199.16666666666666,12.910228,18.640001106262208,18.640001106262208,1.0
374000,1.2973981,199.0,11.346034,14.200000921885172,14.200000921885172,1.0
374500,1.2945915,163.6,9.790367,13.300001502037048,13.300001502037048,1.0
375000,1.2930565,199.0,12.54542,19.900001843770344,19.900001843770344,1.0
375500,1.2930565,199.0,10.800774,29.200003623962402,29.200003623962402,1.0
376000,1.2930564,199.0,12.555772,14.400001004338264,14.400001004338264,1.0
376500,1.2930565,None,11.3046055,None,None,1.0
377000,1.2930565,199.0,12.110245,19.800001740455627,19.800001740455627,1.0
377500,1.2930565,154.0,11.079598,17.025001883506775,17.025001883506775,1.0
378000,1.2930565,199.0,12.50831,20.100001573562622,20.100001573562622,1.0
378500,1.2930565,160.0,11.154065,13.520001375675202,13.520001375675202,1.0
379000,1.2930565,199.0,11.821116,19.8500018119812,19.8500018119812,1.0
379500,1.2906693,199.0,12.831314,23.560002517700195,23.560002517700195,1.0
380000,1.2895355,141.33333333333334,10.885581,14.300001462300619,14.300001462300619,1.0
380500,1.2895355,199.0,12.623511,None,None,1.0
381000,1.2895355,199.0,12.5420685,17.750001430511475,17.750001430511475,1.0
381500,1.2895355,199.0,13.415934,31.900005340576172,31.900005340576172,1.0
382000,1.2895355,199.0,10.619867,23.933335940043133,23.933335940043133,1.0
382500,1.2895355,199.0,13.366814,24.666669845581055,24.666669845581055,1.0
383000,1.2895355,199.0,13.025882,23.400001525878906,23.400001525878906,1.0
383500,1.2895355,199.0,11.4870205,22.266668558120728,22.266668558120728,1.0
384000,1.2895355,199.0,10.698101,11.30000114440918,11.30000114440918,1.0
384500,1.289196,199.25,12.383369,20.740001487731934,20.740001487731934,1.0
385000,1.288333,199.0,12.912092,20.100000381469727,20.100000381469727,1.0
385500,1.2883329,199.0,13.624362,23.000001430511475,23.000001430511475,1.0
386000,1.288333,None,13.255621,None,None,1.0
386500,1.288333,152.75,11.6440935,13.266667683919271,13.266667683919271,1.0
387000,1.288333,199.0,12.988843,24.720002746582033,24.720002746582033,1.0
387500,1.288333,199.0,12.278591,28.200002670288086,28.200002670288086,1.0
388000,1.2883329,199.2,12.861718,24.875002145767212,24.875002145767212,1.0
388500,1.2883329,199.0,12.634703,23.800002574920654,23.800002574920654,1.0
389000,1.288333,199.16666666666666,12.298324,17.760001373291015,17.760001373291015,1.0
389500,1.2882937,147.66666666666666,12.238823,14.650001719594002,14.650001719594002,1.0
390000,1.2876962,None,10.860797,9.750000476837158,9.750000476837158,1.0
390500,1.2876816,199.0,13.112445,22.000001907348633,22.000001907348633,1.0
391000,1.2876816,None,10.215062,None,None,1.0
391500,1.2876816,199.33333333333334,12.743075,20.200002034505207,20.200002034505207,1.0
392000,1.2876816,199.25,13.756352,26.950002908706665,26.950002908706665,1.0
392500,1.2876816,199.0,11.45029,17.866667985916138,17.866667985916138,1.0
393000,1.2876816,151.75,12.094498,14.100001335144043,14.100001335144043,1.0
393500,1.2876816,101.0,10.74986,8.050000190734863,8.050000190734863,1.0
394000,1.2876816,199.0,13.282872,21.78000215291977,21.78000215291977,1.0
394500,1.2873319,134.33333333333334,11.537049,25.200003147125244,25.200003147125244,1.0
395000,1.285722,199.0,10.861175,-1.0,-1.0,1.0
395500,1.2856772,199.0,13.486343,25.100002765655518,25.100002765655518,1.0
396000,1.2856773,None,12.787406,None,None,1.0
396500,1.2856773,199.0,13.393962,20.85000169277191,20.85000169277191,1.0
397000,1.2856772,199.0,13.117374,25.62500309944153,25.62500309944153,1.0
397500,1.2856772,199.0,14.203409,26.37500286102295,26.37500286102295,1.0
398000,1.2856773,103.75,10.729787,10.30000114440918,10.30000114440918,1.0
398500,1.2856772,150.0,11.590293,12.70000155766805,12.70000155766805,1.0
399000,1.2856772,199.33333333333334,14.134245,22.550002217292786,22.550002217292786,1.0
399500,1.2856029,199.0,12.05351,19.10000228881836,19.10000228881836,1.0
400000,1.2844491,199.0,14.060949,26.46666971842448,26.46666971842448,1.0
400500,1.284454,None,12.544973,None,None,1.0
401000,1.2844541,199.0,13.411786,24.950002670288086,24.950002670288086,1.0
401500,1.284454,199.0,14.269027,19.780001640319824,19.780001640319824,1.0
402000,1.2844541,134.33333333333334,11.112454,9.850000858306885,9.850000858306885,1.0
402500,1.2844541,154.75,12.428558,18.350001573562622,18.350001573562622,1.0
403000,1.284454,199.0,13.452792,24.23333517710368,24.23333517710368,1.0
403500,1.284454,172.0,12.76043,18.860001420974733,18.860001420974733,1.0
404000,1.284454,199.0,12.760067,27.00000286102295,27.00000286102295,1.0
404500,1.2844541,199.0,13.384863,18.70000147819519,18.70000147819519,1.0
405000,1.2830353,139.66666666666666,12.676578,15.500001271565756,15.500001271565756,1.0
405500,1.2825947,None,13.261824,None,None,1.0
406000,1.2825947,199.0,13.914442,21.025002241134644,21.025002241134644,1.0
406500,1.2825946,199.33333333333334,13.864909,23.833334922790527,23.833334922790527,1.0
407000,1.2825946,199.0,13.850473,27.43333562215169,27.43333562215169,1.0
407500,1.2825946,199.5,13.526449,23.73333517710368,23.73333517710368,1.0
408000,1.2825947,199.0,13.138135,24.800003051757812,24.800003051757812,1.0
408500,1.2825947,199.16666666666666,14.106826,23.950002511342365,23.950002511342365,1.0
409000,1.2825947,None,11.727887,None,None,1.0
409500,1.2825947,199.33333333333334,12.994824,23.300002415974934,23.300002415974934,1.0
410000,1.2826136,199.0,12.851981,23.000001907348633,23.000001907348633,1.0
410500,1.2826358,199.0,13.314638,16.20000171661377,16.20000171661377,1.0
411000,1.2826358,199.5,14.132716,22.560002517700195,22.560002517700195,1.0
411500,1.2826358,102.0,10.471707,14.100001335144043,14.100001335144043,1.0
412000,1.2826359,199.5,14.181024,23.625002145767212,23.625002145767212,1.0
412500,1.2826359,199.5,12.533909,21.850001335144043,21.850001335144043,1.0
413000,1.2826358,199.0,13.694423,26.366669813791912,26.366669813791912,1.0
413500,1.2826358,149.75,12.753853,18.100002098083497,18.100002098083497,1.0
414000,1.2826359,62.0,9.662905,-1.0,-1.0,1.0
414500,1.2826358,199.25,12.52242,17.150001287460327,17.150001287460327,1.0
415000,1.2818592,None,11.790485,None,None,1.0
415500,1.2816523,199.0,14.142151,21.86666742960612,21.86666742960612,1.0
416000,1.2816523,199.33333333333334,13.956625,22.066668192545574,22.066668192545574,1.0
416500,1.2816523,199.33333333333334,13.19062,22.700002193450928,22.700002193450928,1.0
417000,1.2816523,199.0,13.315061,22.200002511342365,22.200002511342365,1.0
417500,1.2816525,199.0,13.6791935,28.90000295639038,28.90000295639038,1.0
418000,1.2816523,199.2,14.452922,22.150001525878906,22.150001525878906,1.0
418500,1.2816523,199.0,12.535912,24.10000228881836,24.10000228881836,1.0
419000,1.2816523,199.0,12.822484,22.72500205039978,22.72500205039978,1.0
419500,1.2816523,199.5,14.174563,24.75000286102295,24.75000286102295,1.0
420000,1.2812635,None,12.099963,None,None,1.0
420500,1.2810929,166.66666666666666,11.191447,14.26000156402588,14.26000156402588,1.0
421000,1.281093,199.0,14.021164,25.900002479553223,25.900002479553223,1.0
421500,1.281093,199.0,14.479601,23.37500238418579,23.37500238418579,1.0
422000,1.2810929,199.0,13.389313,24.60000228881836,24.60000228881836,1.0
422500,1.2810929,199.0,13.815417,21.90000343322754,21.90000343322754,1.0
423000,1.281093,170.0,12.728455,19.183335304260254,19.183335304260254,1.0
423500,1.281093,199.5,13.638039,28.15000295639038,28.15000295639038,1.0
424000,1.2810929,168.33333333333334,12.490239,17.333334922790527,17.333334922790527,1.0
424500,1.2810929,199.0,14.519511,20.75000262260437,20.75000262260437,1.0
425000,1.2808667,199.0,13.602381,21.75000238418579,21.75000238418579,1.0
425500,1.2807096,199.0,14.3712435,26.833336512247723,26.833336512247723,1.0
426000,1.2807095,199.0,14.699285,28.300003051757812,28.300003051757812,1.0
426500,1.2807095,199.0,13.625589,30.00000286102295,30.00000286102295,1.0
427000,1.2807095,None,13.035761,18.70000171661377,18.70000171661377,1.0
427500,1.2807095,199.0,13.007787,22.000000953674316,22.000000953674316,1.0
428000,1.2807094,199.0,14.533703,26.37500309944153,26.37500309944153,1.0
428500,1.2807096,199.0,14.345375,23.150001525878906,23.150001525878906,1.0
429000,1.2807095,199.2,14.2545595,21.980001640319824,21.980001640319824,1.0
429500,1.2807096,25.0,9.653436,-1.0,-1.0,1.0
430000,1.2795471,199.0,14.053253,26.200003147125244,26.200003147125244,1.0
430500,1.2758611,199.0,14.39025,26.600002765655518,26.600002765655518,1.0
431000,1.2758611,151.0,12.274459,15.250001072883606,15.250001072883606,1.0
431500,1.275861,199.0,14.150332,26.300002574920654,26.300002574920654,1.0
432000,1.275861,200.0,13.904026,29.600003242492676,29.600003242492676,1.0
432500,1.2758611,199.0,13.491481,25.12500286102295,25.12500286102295,1.0
433000,1.2758611,199.0,14.119322,25.333335240681965,25.333335240681965,1.0
433500,1.275861,199.0,13.354434,27.350003242492676,27.350003242492676,1.0
434000,1.2758611,199.0,14.441338,25.800002574920654,25.800002574920654,1.0
434500,1.2758611,199.0,12.053071,17.400001049041748,17.400001049041748,1.0
435000,1.2753069,199.4,14.409851,23.560002040863036,23.560002040863036,1.0
435500,1.2730776,199.0,13.372955,25.700003147125244,25.700003147125244,1.0
436000,1.2730777,199.0,12.550768,16.533334891001385,16.533334891001385,1.0
436500,1.2730776,199.0,13.677782,24.400002479553223,24.400002479553223,1.0
437000,1.2730777,199.0,14.190023,21.150001049041748,21.150001049041748,1.0
437500,1.2730777,199.0,13.448314,22.950001910328865,22.950001910328865,1.0
438000,1.2730778,199.0,13.406624,20.850001096725464,20.850001096725464,1.0
438500,1.2730778,199.0,14.3474455,24.433334986368816,24.433334986368816,1.0
439000,1.2730776,199.0,13.90263,22.500001907348633,22.500001907348633,1.0
439500,1.2730777,199.33333333333334,13.925847,17.275001972913742,17.275001972913742,1.0
440000,1.273844,199.0,14.813055,23.366668701171875,23.366668701171875,1.0
440500,1.2757287,199.0,14.1208315,22.000001907348633,22.000001907348633,1.0
441000,1.2757286,199.0,14.423807,27.700002193450928,27.700002193450928,1.0
441500,1.2757286,26.0,10.93751,-1.0,-1.0,1.0
442000,1.2757287,135.0,12.152932,16.600001494089764,16.600001494089764,1.0
442500,1.2757285,128.25,12.346897,12.60000166296959,12.60000166296959,1.0
443000,1.2757285,199.0,13.990568,25.400002479553223,25.400002479553223,1.0
443500,1.2757286,163.2,13.084363,20.025002479553223,20.025002479553223,1.0
444000,1.2757285,90.33333333333333,11.415813,11.80000102519989,11.80000102519989,1.0
444500,1.2757287,199.0,14.875026,22.680002403259277,22.680002403259277,1.0
445000,1.2757286,199.0,13.423788,25.300003051757812,25.300003051757812,1.0
445500,1.2786214,199.0,14.691121,23.900002479553223,23.900002479553223,1.0
446000,1.2791493,199.0,14.550226,23.90000343322754,23.90000343322754,1.0
446500,1.2791493,199.0,13.95784,24.200002670288086,24.200002670288086,1.0
447000,1.2791492,199.0,14.797684,25.900002161661785,25.900002161661785,1.0
447500,1.279149,199.0,14.49676,29.20000235239665,29.20000235239665,1.0
448000,1.2791492,199.0,13.183995,22.200002670288086,22.200002670288086,1.0
448500,1.279149,199.0,14.076121,24.32500195503235,24.32500195503235,1.0
449000,1.2791493,150.75,13.415023,20.82500171661377,20.82500171661377,1.0
449500,1.2791493,199.0,15.230835,23.900002098083498,23.900002098083498,1.0
450000,1.2791492,199.0,13.705404,None,None,1.0
450500,1.272815,199.0,15.117411,27.333336512247723,27.333336512247723,1.0
451000,1.2718838,None,14.447323,None,None,1.0
451500,1.2718838,199.2,15.411601,24.90000295639038,24.90000295639038,1.0
452000,1.271884,199.0,13.266206,26.650002002716064,26.650002002716064,1.0
452500,1.2718837,199.0,13.525289,26.550003051757812,26.550003051757812,1.0
453000,1.271884,199.0,15.911838,28.575002193450928,28.575002193450928,1.0
453500,1.2718838,199.0,14.392306,25.400001525878906,25.400001525878906,1.0
454000,1.2718837,199.0,14.722924,21.360001611709595,21.360001611709595,1.0
454500,1.2718838,199.0,15.863154,31.850003242492676,31.850003242492676,1.0
455000,1.2718838,138.66666666666666,13.28233,12.20000171661377,12.20000171661377,1.0
455500,1.2704697,199.0,14.501461,25.700002670288086,25.700002670288086,1.0
456000,1.2694907,199.0,14.093134,31.70000457763672,31.70000457763672,1.0
456500,1.2694908,150.0,14.5563545,21.52000198364258,21.52000198364258,1.0
457000,1.269491,200.0,14.18849,22.20000171661377,22.20000171661377,1.0
457500,1.269491,199.33333333333334,15.030772,26.96666940053304,26.96666940053304,1.0
458000,1.2694908,199.33333333333334,14.096469,25.62500250339508,25.62500250339508,1.0
458500,1.269491,199.0,14.553794,27.40000295639038,27.40000295639038,1.0
